instance,solveur,graine,statut,temps
uf50-01,dpll2,0,SAT,0.3275207000115188
uf50-01,dpll2,1,SAT,0.29756259999703616
uf50-01,dpll2,2,SAT,0.06741869999677874
uf50-01,dpll2,3,SAT,0.23513289999391418
uf50-01,dpll2,4,SAT,0.7002653999952599
uf50-01,dpll2,5,SAT,0.660538500000257
uf50-01,dpll2,6,SAT,0.7097653000091668
uf50-01,dpll2,7,SAT,0.5012397999962559
uf50-01,dpll2,8,SAT,0.006853500002762303
uf50-01,dpll2,9,SAT,0.02494410000508651
uf50-01,dpll2,10,SAT,0.015168400001130067
uf50-01,dpll2,11,SAT,0.2685927999991691
uf50-01,dpll2,12,SAT,0.4341827999887755
uf50-01,dpll2,13,SAT,0.7552565999940271
uf50-01,dpll2,14,SAT,0.3349997000041185
uf50-01,dpll2,15,SAT,0.075118000007933
uf50-01,dpll2,16,SAT,0.4092138999985764
uf50-01,dpll2,17,SAT,0.6314943000033963
uf50-01,dpll2,18,SAT,0.19787709999945946
uf50-01,dpll2,19,SAT,0.6842164999980014
uuf50-01,dpll2,0,UNSAT,0.631807600002503
uuf50-01,dpll2,1,UNSAT,0.32568710000487044
uuf50-01,dpll2,2,UNSAT,0.7083291000017198
uuf50-01,dpll2,3,UNSAT,0.610408099993947
uuf50-01,dpll2,4,UNSAT,0.494719599999371
uuf50-01,dpll2,5,UNSAT,0.4278947999991942
uuf50-01,dpll2,6,UNSAT,0.38771270000142977
uuf50-01,dpll2,7,UNSAT,0.46124049999343697
uuf50-01,dpll2,8,UNSAT,0.786389800006873
uuf50-01,dpll2,9,UNSAT,0.5470853000006173
uuf50-01,dpll2,10,UNSAT,0.41280259999621194
uuf50-01,dpll2,11,UNSAT,0.4461301999981515
uuf50-01,dpll2,12,UNSAT,0.6031141999992542
uuf50-01,dpll2,13,UNSAT,0.3889750000089407
uuf50-01,dpll2,14,UNSAT,0.31061339999723714
uuf50-01,dpll2,15,UNSAT,0.6539308000064921
uuf50-01,dpll2,16,UNSAT,0.33861520000209566
uuf50-01,dpll2,17,UNSAT,0.4138615999981994
uuf50-01,dpll2,18,UNSAT,0.5234987000003457
uuf50-01,dpll2,19,UNSAT,0.593640699997195
flat30-1,dpll2,0,SAT,0.009262599996873178
flat30-1,dpll2,1,SAT,0.06973220000509173
flat30-1,dpll2,2,SAT,0.014907200005836785
flat30-1,dpll2,3,SAT,0.02013190000434406
flat30-1,dpll2,4,SAT,0.00907119999465067
flat30-1,dpll2,5,SAT,0.015561699998215772
flat30-1,dpll2,6,SAT,0.01073490000271704
flat30-1,dpll2,7,SAT,0.011152100007166155
flat30-1,dpll2,8,SAT,0.09316620000754483
flat30-1,dpll2,9,SAT,0.012649500000406988
flat30-1,dpll2,10,SAT,0.006992900001932867
flat30-1,dpll2,11,SAT,0.04633519999333657
flat30-1,dpll2,12,SAT,0.007825300010154024
flat30-1,dpll2,13,SAT,0.016797100004623644
flat30-1,dpll2,14,SAT,0.008180200005881488
flat30-1,dpll2,15,SAT,0.03731319999496918
flat30-1,dpll2,16,SAT,0.017186600001878105
flat30-1,dpll2,17,SAT,0.015102099991054274
flat30-1,dpll2,18,SAT,0.04876209999201819
flat30-1,dpll2,19,SAT,0.014445900000282563
meow10,dpll2,0,SAT,0.0650896000006469
meow10,dpll2,1,SAT,0.6305120000033639
meow10,dpll2,2,SAT,0.03641050000442192
meow10,dpll2,3,SAT,0.48449540000001434
meow10,dpll2,4,SAT,0.049174500003573485
meow10,dpll2,5,SAT,0.0878618999995524
meow10,dpll2,6,SAT,0.23050659999717027
meow10,dpll2,7,SAT,0.047280200000386685
meow10,dpll2,8,SAT,0.056502300009015016
meow10,dpll2,9,SAT,0.05332619999535382
meow10,dpll2,10,SAT,0.0567326000018511
meow10,dpll2,11,SAT,0.028425700002117082
meow10,dpll2,12,SAT,0.045017900003585964
meow10,dpll2,13,SAT,0.04726140000275336
meow10,dpll2,14,SAT,0.03847829998994712
meow10,dpll2,15,SAT,0.05081490000884514
meow10,dpll2,16,SAT,0.051047899993136525
meow10,dpll2,17,SAT,0.02974009999888949
meow10,dpll2,18,SAT,0.03352939999604132
meow10,dpll2,19,SAT,0.07597389999136794
