n,ratio,i,solveur,graine,statut,temps
30,2.0,0,dpll2,0,SAT,0.0015106000064406544
30,2.0,1,dpll2,0,SAT,0.0014102999994065613
30,2.0,2,dpll2,0,SAT,0.002227699995273724
30,2.0,3,dpll2,0,SAT,0.001646499993512407
30,2.0,4,dpll2,0,SAT,0.0013352000096347183
30,2.0,5,dpll2,0,SAT,0.001527400003396906
30,2.0,6,dpll2,0,SAT,0.0009908000065479428
30,2.0,7,dpll2,0,SAT,0.0016016000008676201
30,2.0,8,dpll2,0,SAT,0.0008705999935045838
30,2.0,9,dpll2,0,SAT,0.0014121000131126493
30,2.0,10,dpll2,0,SAT,0.0008268999954452738
30,2.0,11,dpll2,0,SAT,0.0014123000000836328
30,2.0,12,dpll2,0,SAT,0.001675699997576885
30,2.0,13,dpll2,0,SAT,0.001827399988542311
30,2.0,14,dpll2,0,SAT,0.001120499990065582
30,2.0,15,dpll2,0,SAT,0.000716199996531941
30,2.0,16,dpll2,0,SAT,0.0010349999938625842
30,2.0,17,dpll2,0,SAT,0.0010792999964905903
30,2.0,18,dpll2,0,SAT,0.0014952000055927783
30,2.0,19,dpll2,0,SAT,0.001628600002732128
30,2.0,20,dpll2,0,SAT,0.001482499996200204
30,2.0,21,dpll2,0,SAT,0.0014484999992419034
30,2.0,22,dpll2,0,SAT,0.0011012000031769276
30,2.0,23,dpll2,0,SAT,0.0014741999912075698
30,2.0,24,dpll2,0,SAT,0.001301299998885952
30,2.0,25,dpll2,0,SAT,0.001238599987118505
30,2.0,26,dpll2,0,SAT,0.0012042000016663224
30,2.0,27,dpll2,0,SAT,0.0010593000042717904
30,2.0,28,dpll2,0,SAT,0.001702800000202842
30,2.0,29,dpll2,0,SAT,0.0018603000062284991
30,2.5,0,dpll2,0,SAT,0.0012271000014152378
30,2.5,1,dpll2,0,SAT,0.001618199996300973
30,2.5,2,dpll2,0,SAT,0.001807399996323511
30,2.5,3,dpll2,0,SAT,0.0021708999993279576
30,2.5,4,dpll2,0,SAT,0.00639690000389237
30,2.5,5,dpll2,0,SAT,0.0033165000058943406
30,2.5,6,dpll2,0,SAT,0.005135300001711585
30,2.5,7,dpll2,0,SAT,0.0014645999908680096
30,2.5,8,dpll2,0,SAT,0.002137799994670786
30,2.5,9,dpll2,0,SAT,0.0017565999878570437
30,2.5,10,dpll2,0,SAT,0.0018943000031867996
30,2.5,11,dpll2,0,SAT,0.0008808999991742894
30,2.5,12,dpll2,0,SAT,0.0029113000055076554
30,2.5,13,dpll2,0,SAT,0.002060300001176074
30,2.5,14,dpll2,0,SAT,0.0014952999918023124
30,2.5,15,dpll2,0,SAT,0.0024884000013116747
30,2.5,16,dpll2,0,SAT,0.0028774000093108043
30,2.5,17,dpll2,0,SAT,0.002435599992168136
30,2.5,18,dpll2,0,SAT,0.0014525000005960464
30,2.5,19,dpll2,0,SAT,0.00243649999902118
30,2.5,20,dpll2,0,SAT,0.0018734999903244898
30,2.5,21,dpll2,0,SAT,0.0019823999900836498
30,2.5,22,dpll2,0,SAT,0.002262099995277822
30,2.5,23,dpll2,0,SAT,0.002656800003023818
30,2.5,24,dpll2,0,SAT,0.001159499995992519
30,2.5,25,dpll2,0,SAT,0.002051600007689558
30,2.5,26,dpll2,0,SAT,0.0016209000023081899
30,2.5,27,dpll2,0,SAT,0.002363599996897392
30,2.5,28,dpll2,0,SAT,0.0018435000092722476
30,2.5,29,dpll2,0,SAT,0.0017629000067245215
30,3.0,0,dpll2,0,SAT,0.0019672000053105876
30,3.0,1,dpll2,0,SAT,0.0024058999988483265
30,3.0,2,dpll2,0,SAT,0.0017669000080786645
30,3.0,3,dpll2,0,SAT,0.0030683999939356
30,3.0,4,dpll2,0,SAT,0.0022478999890154228
30,3.0,5,dpll2,0,SAT,0.0032979999959934503
30,3.0,6,dpll2,0,SAT,0.00310019998869393
30,3.0,7,dpll2,0,SAT,0.0028975000022910535
30,3.0,8,dpll2,0,SAT,0.002056600002106279
30,3.0,9,dpll2,0,SAT,0.0012966000067535788
30,3.0,10,dpll2,0,SAT,0.0019264000002294779
30,3.0,11,dpll2,0,SAT,0.003567400010069832
30,3.0,12,dpll2,0,SAT,0.006567100004758686
30,3.0,13,dpll2,0,SAT,0.0022221999970497563
30,3.0,14,dpll2,0,SAT,0.004020299995318055
30,3.0,15,dpll2,0,SAT,0.007603599995491095
30,3.0,16,dpll2,0,SAT,0.0019591999880503863
30,3.0,17,dpll2,0,SAT,0.0020847999985562637
30,3.0,18,dpll2,0,SAT,0.0017668999935267493
30,3.0,19,dpll2,0,SAT,0.0010900000052060932
30,3.0,20,dpll2,0,SAT,0.0034327999892411754
30,3.0,21,dpll2,0,SAT,0.0012089999945601448
30,3.0,22,dpll2,0,SAT,0.0021148999949218705
30,3.0,23,dpll2,0,SAT,0.0013263000000733882
30,3.0,24,dpll2,0,SAT,0.002635299999383278
30,3.0,25,dpll2,0,SAT,0.001636900007724762
30,3.0,26,dpll2,0,SAT,0.0019190000020898879
30,3.0,27,dpll2,0,SAT,0.002037799989921041
30,3.0,28,dpll2,0,SAT,0.0025470999971730635
30,3.0,29,dpll2,0,SAT,0.001981499997782521
30,3.5,0,dpll2,0,SAT,0.0036231000121915713
30,3.5,1,dpll2,0,SAT,0.0029710000089835376
30,3.5,2,dpll2,0,SAT,0.029159099998651072
30,3.5,3,dpll2,0,SAT,0.0020056999928783625
30,3.5,4,dpll2,0,SAT,0.0025642999971751124
30,3.5,5,dpll2,0,SAT,0.005267600005026907
30,3.5,6,dpll2,0,SAT,0.0023739000025670975
30,3.5,7,dpll2,0,SAT,0.006192400003783405
30,3.5,8,dpll2,0,SAT,0.029870200000004843
30,3.5,9,dpll2,0,SAT,0.006240599992452189
30,3.5,10,dpll2,0,SAT,0.0038302000029943883
30,3.5,11,dpll2,0,SAT,0.00273800001014024
30,3.5,12,dpll2,0,SAT,0.004175099995336495
30,3.5,13,dpll2,0,SAT,0.0036949999921489507
30,3.5,14,dpll2,0,SAT,0.002969399996800348
30,3.5,15,dpll2,0,SAT,0.0023215999972308055
30,3.5,16,dpll2,0,SAT,0.0014686000067740679
30,3.5,17,dpll2,0,SAT,0.0037206999986665323
30,3.5,18,dpll2,0,SAT,0.03169340000022203
30,3.5,19,dpll2,0,SAT,0.0028426999924704432
30,3.5,20,dpll2,0,SAT,0.019541599991498515
30,3.5,21,dpll2,0,SAT,0.00318689999403432
30,3.5,22,dpll2,0,SAT,0.008164900005795062
30,3.5,23,dpll2,0,SAT,0.00407140000606887
30,3.5,24,dpll2,0,SAT,0.002389799992670305
30,3.5,25,dpll2,0,SAT,0.005772799995611422
30,3.5,26,dpll2,0,SAT,0.0019271999917691574
30,3.5,27,dpll2,0,SAT,0.005002499994589016
30,3.5,28,dpll2,0,SAT,0.0024193999997805804
30,3.5,29,dpll2,0,SAT,0.0029704999906243756
30,4.0,0,dpll2,0,SAT,0.012501099990913644
30,4.0,1,dpll2,0,SAT,0.008478899995679967
30,4.0,2,dpll2,0,SAT,0.024201299995183945
30,4.0,3,dpll2,0,SAT,0.019323300002724864
30,4.0,4,dpll2,0,UNSAT,0.0437616999988677
30,4.0,5,dpll2,0,SAT,0.00770659999398049
30,4.0,6,dpll2,0,UNSAT,0.06920379999792203
30,4.0,7,dpll2,0,SAT,0.03289470000891015
30,4.0,8,dpll2,0,SAT,0.026636900001903996
30,4.0,9,dpll2,0,SAT,0.0045825999986846
30,4.0,10,dpll2,0,SAT,0.004325399990193546
30,4.0,11,dpll2,0,SAT,0.02465559999109246
30,4.0,12,dpll2,0,SAT,0.015783900002134033
30,4.0,13,dpll2,0,SAT,0.020868100007646717
30,4.0,14,dpll2,0,SAT,0.003148000003420748
30,4.0,15,dpll2,0,UNSAT,0.039058700000168756
30,4.0,16,dpll2,0,SAT,0.049429099992266856
30,4.0,17,dpll2,0,SAT,0.02253960000234656
30,4.0,18,dpll2,0,SAT,0.012323599992669187
30,4.0,19,dpll2,0,SAT,0.0037280999968061224
30,4.0,20,dpll2,0,SAT,0.029966000001877546
30,4.0,21,dpll2,0,SAT,0.016898200003197417
30,4.0,22,dpll2,0,SAT,0.004968299996107817
30,4.0,23,dpll2,0,SAT,0.011792500008596107
30,4.0,24,dpll2,0,SAT,0.007666599994990975
30,4.0,25,dpll2,0,SAT,0.007005099992966279
30,4.0,26,dpll2,0,SAT,0.03926819999469444
30,4.0,27,dpll2,0,SAT,0.02041559999634046
30,4.0,28,dpll2,0,SAT,0.01864360000763554
30,4.0,29,dpll2,0,SAT,0.010773800007882528
30,4.26,0,dpll2,0,SAT,0.0423776999959955
30,4.26,1,dpll2,0,SAT,0.033598399997572415
30,4.26,2,dpll2,0,UNSAT,0.04155270000046585
30,4.26,3,dpll2,0,SAT,0.009637800001655705
30,4.26,4,dpll2,0,UNSAT,0.04810830000496935
30,4.26,5,dpll2,0,UNSAT,0.021905900008277968
30,4.26,6,dpll2,0,SAT,0.04308139999920968
30,4.26,7,dpll2,0,SAT,0.02696059999288991
30,4.26,8,dpll2,0,UNSAT,0.0527252000028966
30,4.26,9,dpll2,0,SAT,0.01081789999443572
30,4.26,10,dpll2,0,SAT,0.03525970000191592
30,4.26,11,dpll2,0,UNSAT,0.04512080000131391
30,4.26,12,dpll2,0,SAT,0.014256400012527592
30,4.26,13,dpll2,0,SAT,0.029673800003365614
30,4.26,14,dpll2,0,SAT,0.045310400004382245
30,4.26,15,dpll2,0,UNSAT,0.042020699998829514
30,4.26,16,dpll2,0,UNSAT,0.0329207999893697
30,4.26,17,dpll2,0,SAT,0.014830500003881752
30,4.26,18,dpll2,0,UNSAT,0.042900700005702674
30,4.26,19,dpll2,0,SAT,0.002592200005892664
30,4.26,20,dpll2,0,SAT,0.00721099998918362
30,4.26,21,dpll2,0,UNSAT,0.05889119999483228
30,4.26,22,dpll2,0,SAT,0.009843599997111596
30,4.26,23,dpll2,0,UNSAT,0.0256154999951832
30,4.26,24,dpll2,0,SAT,0.02522070000122767
30,4.26,25,dpll2,0,SAT,0.02470480000192765
30,4.26,26,dpll2,0,SAT,0.01183869999658782
30,4.26,27,dpll2,0,UNSAT,0.046581399990827776
30,4.26,28,dpll2,0,SAT,0.020392100006574765
30,4.26,29,dpll2,0,SAT,0.0034408000065013766
30,4.5,0,dpll2,0,SAT,0.013316199998371303
30,4.5,1,dpll2,0,SAT,0.018059599999105558
30,4.5,2,dpll2,0,UNSAT,0.04642460000468418
30,4.5,3,dpll2,0,UNSAT,0.031960399996023625
30,4.5,4,dpll2,0,SAT,0.009950099993147887
30,4.5,5,dpll2,0,UNSAT,0.0419776000053389
30,4.5,6,dpll2,0,SAT,0.0014175000105751678
30,4.5,7,dpll2,0,SAT,0.0028686000005109236
30,4.5,8,dpll2,0,UNSAT,0.023545999996713363
30,4.5,9,dpll2,0,UNSAT,0.034229299999424256
30,4.5,10,dpll2,0,SAT,0.03336610000405926
30,4.5,11,dpll2,0,UNSAT,0.0394940999976825
30,4.5,12,dpll2,0,UNSAT,0.039923299991642125
30,4.5,13,dpll2,0,UNSAT,0.038957500000833534
30,4.5,14,dpll2,0,UNSAT,0.043631799999275245
30,4.5,15,dpll2,0,UNSAT,0.03698259999509901
30,4.5,16,dpll2,0,SAT,0.019795400003204122
30,4.5,17,dpll2,0,UNSAT,0.03346810000948608
30,4.5,18,dpll2,0,UNSAT,0.029844199991202913
30,4.5,19,dpll2,0,UNSAT,0.03157130000181496
30,4.5,20,dpll2,0,SAT,0.039372900006128475
30,4.5,21,dpll2,0,SAT,0.009403599993675016
30,4.5,22,dpll2,0,UNSAT,0.03570249999756925
30,4.5,23,dpll2,0,UNSAT,0.04264359999797307
30,4.5,24,dpll2,0,SAT,0.01968959999794606
30,4.5,25,dpll2,0,UNSAT,0.016760500002419576
30,4.5,26,dpll2,0,UNSAT,0.03029749999404885
30,4.5,27,dpll2,0,SAT,0.008861399997840635
30,4.5,28,dpll2,0,UNSAT,0.042061799991643056
30,4.5,29,dpll2,0,UNSAT,0.03114189999178052
30,5.0,0,dpll2,0,UNSAT,0.031611500002327375
30,5.0,1,dpll2,0,UNSAT,0.036755599998286925
30,5.0,2,dpll2,0,UNSAT,0.03757460000633728
30,5.0,3,dpll2,0,UNSAT,0.03171560000919271
30,5.0,4,dpll2,0,UNSAT,0.040779499991913326
30,5.0,5,dpll2,0,UNSAT,0.015134400004171766
30,5.0,6,dpll2,0,UNSAT,0.020223999992595054
30,5.0,7,dpll2,0,UNSAT,0.020862799996393733
30,5.0,8,dpll2,0,UNSAT,0.038601200008997694
30,5.0,9,dpll2,0,UNSAT,0.01158160000341013
30,5.0,10,dpll2,0,UNSAT,0.028452799990191124
30,5.0,11,dpll2,0,UNSAT,0.03587900000275113
30,5.0,12,dpll2,0,UNSAT,0.029330899997148663
30,5.0,13,dpll2,0,UNSAT,0.0405315999960294
30,5.0,14,dpll2,0,SAT,0.010943999994196929
30,5.0,15,dpll2,0,UNSAT,0.023908399991341867
30,5.0,16,dpll2,0,UNSAT,0.030699499999172986
30,5.0,17,dpll2,0,SAT,0.00973179998982232
30,5.0,18,dpll2,0,UNSAT,0.062111799998092465
30,5.0,19,dpll2,0,UNSAT,0.029000700000324287
30,5.0,20,dpll2,0,UNSAT,0.021574700003839098
30,5.0,21,dpll2,0,UNSAT,0.05089050000242423
30,5.0,22,dpll2,0,UNSAT,0.028178799999295734
30,5.0,23,dpll2,0,UNSAT,0.03312530000403058
30,5.0,24,dpll2,0,UNSAT,0.061098599995602854
30,5.0,25,dpll2,0,SAT,0.021697399992262945
30,5.0,26,dpll2,0,UNSAT,0.032337600001483224
30,5.0,27,dpll2,0,UNSAT,0.07189659999858122
30,5.0,28,dpll2,0,UNSAT,0.0416966000047978
30,5.0,29,dpll2,0,UNSAT,0.02627680001023691
30,5.5,0,dpll2,0,UNSAT,0.027225700003327802
30,5.5,1,dpll2,0,UNSAT,0.03067880000162404
30,5.5,2,dpll2,0,UNSAT,0.014145799999823794
30,5.5,3,dpll2,0,UNSAT,0.02369580000231508
30,5.5,4,dpll2,0,UNSAT,0.025234899992938153
30,5.5,5,dpll2,0,UNSAT,0.05208639999909792
30,5.5,6,dpll2,0,UNSAT,0.02400849999685306
30,5.5,7,dpll2,0,UNSAT,0.029284499993082136
30,5.5,8,dpll2,0,UNSAT,0.032577399993897416
30,5.5,9,dpll2,0,UNSAT,0.026005399995483458
30,5.5,10,dpll2,0,UNSAT,0.028737999993609264
30,5.5,11,dpll2,0,UNSAT,0.03651940000418108
30,5.5,12,dpll2,0,UNSAT,0.014929500001017004
30,5.5,13,dpll2,0,UNSAT,0.014009999998961575
30,5.5,14,dpll2,0,UNSAT,0.03414560000237543
30,5.5,15,dpll2,0,UNSAT,0.017479300004197285
30,5.5,16,dpll2,0,UNSAT,0.022391699996660464
30,5.5,17,dpll2,0,UNSAT,0.01630650000879541
30,5.5,18,dpll2,0,UNSAT,0.030289500005892478
30,5.5,19,dpll2,0,SAT,0.030845200002659112
30,5.5,20,dpll2,0,UNSAT,0.019555999999283813
30,5.5,21,dpll2,0,UNSAT,0.031132799995248206
30,5.5,22,dpll2,0,UNSAT,0.02307590001146309
30,5.5,23,dpll2,0,UNSAT,0.03196459999890067
30,5.5,24,dpll2,0,UNSAT,0.01902360000531189
30,5.5,25,dpll2,0,UNSAT,0.02640419999079313
30,5.5,26,dpll2,0,UNSAT,0.034781399997882545
30,5.5,27,dpll2,0,UNSAT,0.029254000008222647
30,5.5,28,dpll2,0,UNSAT,0.02729880000697449
30,5.5,29,dpll2,0,UNSAT,0.02354689998901449
30,6.0,0,dpll2,0,UNSAT,0.01616189999913331
30,6.0,1,dpll2,0,UNSAT,0.03677299999981187
30,6.0,2,dpll2,0,UNSAT,0.04105149999668356
30,6.0,3,dpll2,0,UNSAT,0.026094500004546717
30,6.0,4,dpll2,0,UNSAT,0.021946499997284263
30,6.0,5,dpll2,0,UNSAT,0.029795299997203983
30,6.0,6,dpll2,0,UNSAT,0.02463559999887366
30,6.0,7,dpll2,0,UNSAT,0.02366620000975672
30,6.0,8,dpll2,0,UNSAT,0.0384561999962898
30,6.0,9,dpll2,0,UNSAT,0.018958199987537228
30,6.0,10,dpll2,0,UNSAT,0.029424399996059947
30,6.0,11,dpll2,0,UNSAT,0.02592240000376478
30,6.0,12,dpll2,0,UNSAT,0.027496299997437745
30,6.0,13,dpll2,0,UNSAT,0.028679199996986426
30,6.0,14,dpll2,0,UNSAT,0.03480649999983143
30,6.0,15,dpll2,0,UNSAT,0.03099579999980051
30,6.0,16,dpll2,0,UNSAT,0.024994799998239614
30,6.0,17,dpll2,0,UNSAT,0.0219712999969488
30,6.0,18,dpll2,0,UNSAT,0.037427700008265674
30,6.0,19,dpll2,0,UNSAT,0.03137000001152046
30,6.0,20,dpll2,0,UNSAT,0.010147299995878711
30,6.0,21,dpll2,0,UNSAT,0.02978820000134874
30,6.0,22,dpll2,0,UNSAT,0.03848000000289176
30,6.0,23,dpll2,0,UNSAT,0.029385899993940257
30,6.0,24,dpll2,0,UNSAT,0.0336375000042608
30,6.0,25,dpll2,0,UNSAT,0.013443499992717989
30,6.0,26,dpll2,0,UNSAT,0.03387470000598114
30,6.0,27,dpll2,0,UNSAT,0.03355279999959748
30,6.0,28,dpll2,0,UNSAT,0.029960499989101663
30,6.0,29,dpll2,0,UNSAT,0.024931000007200055
30,7.0,0,dpll2,0,UNSAT,0.02279469999484718
30,7.0,1,dpll2,0,UNSAT,0.015955599999870174
30,7.0,2,dpll2,0,UNSAT,0.01574490001075901
30,7.0,3,dpll2,0,UNSAT,0.03555450000567362
30,7.0,4,dpll2,0,UNSAT,0.027458299999125302
30,7.0,5,dpll2,0,UNSAT,0.021179499992285855
30,7.0,6,dpll2,0,UNSAT,0.008704399995622225
30,7.0,7,dpll2,0,UNSAT,0.016797299991594627
30,7.0,8,dpll2,0,UNSAT,0.011703600001055747
30,7.0,9,dpll2,0,UNSAT,0.029606299998704344
30,7.0,10,dpll2,0,UNSAT,0.013468499993905425
30,7.0,11,dpll2,0,UNSAT,0.015752099992823787
30,7.0,12,dpll2,0,UNSAT,0.02083360000688117
30,7.0,13,dpll2,0,UNSAT,0.028655000001890585
30,7.0,14,dpll2,0,UNSAT,0.022874500005855225
30,7.0,15,dpll2,0,UNSAT,0.026563600011286326
30,7.0,16,dpll2,0,UNSAT,0.026572899994789623
30,7.0,17,dpll2,0,UNSAT,0.011990999992121942
30,7.0,18,dpll2,0,UNSAT,0.013332800008356571
30,7.0,19,dpll2,0,UNSAT,0.01314180000917986
30,7.0,20,dpll2,0,UNSAT,0.013631200010422617
30,7.0,21,dpll2,0,UNSAT,0.018360200003371574
30,7.0,22,dpll2,0,UNSAT,0.0265172000072198
30,7.0,23,dpll2,0,UNSAT,0.037680299996281974
30,7.0,24,dpll2,0,UNSAT,0.028243599997949786
30,7.0,25,dpll2,0,UNSAT,0.02090689999749884
30,7.0,26,dpll2,0,UNSAT,0.02138639999611769
30,7.0,27,dpll2,0,UNSAT,0.03299229999538511
30,7.0,28,dpll2,0,UNSAT,0.02026010000554379
30,7.0,29,dpll2,0,UNSAT,0.01632380000955891
