n,i,solveur,graine,statut,temps
10,0,dpll1,0,SAT,0.0007699999987380579
10,0,dpll2,0,SAT,0.000487900004372932
10,1,dpll1,0,SAT,0.0006305999995674938
10,1,dpll2,0,SAT,0.0010379999876022339
10,2,dpll1,0,SAT,0.0008635999984107912
10,2,dpll2,0,SAT,0.0005251999973552302
10,3,dpll1,0,SAT,0.0014025999989826232
10,3,dpll2,0,SAT,0.0014162000006763265
10,4,dpll1,0,SAT,0.0002941999991890043
10,4,dpll2,0,SAT,0.00042490000487305224
10,5,dpll1,0,SAT,0.00043620000360533595
10,5,dpll2,0,SAT,0.0007394999993266538
10,6,dpll1,0,SAT,0.0011937999952351674
10,6,dpll2,0,SAT,0.0010133000032510608
10,7,dpll1,0,SAT,0.0004885999951511621
10,7,dpll2,0,SAT,0.0004175000067334622
10,8,dpll1,0,SAT,0.000760499999159947
10,8,dpll2,0,SAT,0.0007828000088920817
10,9,dpll1,0,SAT,0.0005659999878844246
10,9,dpll2,0,SAT,0.0006121000042185187
10,10,dpll1,0,SAT,0.0005439000087790191
10,10,dpll2,0,SAT,0.0006622999935643747
10,11,dpll1,0,UNSAT,0.001292700006160885
10,11,dpll2,0,UNSAT,0.0013209000026108697
10,12,dpll1,0,SAT,0.0006338000093819574
10,12,dpll2,0,SAT,0.00035339999885763973
10,13,dpll1,0,UNSAT,0.0011318999895593151
10,13,dpll2,0,UNSAT,0.0011182000016560778
10,14,dpll1,0,UNSAT,0.0008870999881764874
10,14,dpll2,0,UNSAT,0.0009898999996948987
10,15,dpll1,0,UNSAT,0.0020361999922897667
10,15,dpll2,0,UNSAT,0.0021551999961957335
10,16,dpll1,0,UNSAT,0.0013796999992337078
10,16,dpll2,0,UNSAT,0.00133050000295043
10,17,dpll1,0,SAT,0.00045279999903868884
10,17,dpll2,0,SAT,0.00047709999489597976
10,18,dpll1,0,SAT,0.0005178999999770895
10,18,dpll2,0,SAT,0.0005916999944020063
10,19,dpll1,0,SAT,0.0008918999956222251
10,19,dpll2,0,SAT,0.0014964000001782551
20,0,dpll1,0,UNSAT,0.007113300001947209
20,0,dpll2,0,UNSAT,0.006538500005262904
20,1,dpll1,0,UNSAT,0.008652899996377528
20,1,dpll2,0,UNSAT,0.007668299993383698
20,2,dpll1,0,UNSAT,0.006045500005711801
20,2,dpll2,0,UNSAT,0.0036521000001812354
20,3,dpll1,0,SAT,0.006611599994357675
20,3,dpll2,0,SAT,0.0058532999973976985
20,4,dpll1,0,SAT,0.0016207000007852912
20,4,dpll2,0,SAT,0.002875400008633733
20,5,dpll1,0,SAT,0.007344900004682131
20,5,dpll2,0,SAT,0.007817899997462519
20,6,dpll1,0,UNSAT,0.015328699999372475
20,6,dpll2,0,UNSAT,0.013470100006088614
20,7,dpll1,0,SAT,0.0015786999865667894
20,7,dpll2,0,SAT,0.0017263000045204535
20,8,dpll1,0,SAT,0.003316099988296628
20,8,dpll2,0,SAT,0.0037220000085653737
20,9,dpll1,0,UNSAT,0.006032400007825345
20,9,dpll2,0,UNSAT,0.009025300008943304
20,10,dpll1,0,SAT,0.005574799986789003
20,10,dpll2,0,SAT,0.005558699995162897
20,11,dpll1,0,SAT,0.002992699999595061
20,11,dpll2,0,SAT,0.003281299999798648
20,12,dpll1,0,SAT,0.0032638999982737005
20,12,dpll2,0,SAT,0.0037348000041674823
20,13,dpll1,0,UNSAT,0.010476199997356161
20,13,dpll2,0,UNSAT,0.008178699994459748
20,14,dpll1,0,SAT,0.004199599992716685
20,14,dpll2,0,SAT,0.0038619999977527186
20,15,dpll1,0,UNSAT,0.01152390000061132
20,15,dpll2,0,UNSAT,0.009109100006753579
20,16,dpll1,0,UNSAT,0.008365999994566664
20,16,dpll2,0,UNSAT,0.01240690000122413
20,17,dpll1,0,SAT,0.003987999996752478
20,17,dpll2,0,SAT,0.0037505000072997063
20,18,dpll1,0,UNSAT,0.0066221000015502796
20,18,dpll2,0,UNSAT,0.0064842000138014555
20,19,dpll1,0,SAT,0.0014223000034689903
20,19,dpll2,0,SAT,0.0014617999986512586
30,0,dpll1,0,SAT,0.05736740000429563
30,0,dpll2,0,SAT,0.05461229999491479
30,1,dpll1,0,SAT,0.02561490000516642
30,1,dpll2,0,SAT,0.027904400005354546
30,2,dpll1,0,UNSAT,0.041396200002054684
30,2,dpll2,0,UNSAT,0.0415212999942014
30,3,dpll1,0,SAT,0.008542299998225644
30,3,dpll2,0,SAT,0.007160499997553416
30,4,dpll1,0,UNSAT,0.04958479999913834
30,4,dpll2,0,UNSAT,0.05423750000772998
30,5,dpll1,0,UNSAT,0.029641900007845834
30,5,dpll2,0,UNSAT,0.028802500004530884
30,6,dpll1,0,SAT,0.04184759999043308
30,6,dpll2,0,SAT,0.03496560000348836
30,7,dpll1,0,SAT,0.020987799987779
30,7,dpll2,0,SAT,0.029741799997282214
30,8,dpll1,0,UNSAT,0.04803370000445284
30,8,dpll2,0,UNSAT,0.03840209999179933
30,9,dpll1,0,SAT,0.010832499989192002
30,9,dpll2,0,SAT,0.012327899996307679
30,10,dpll1,0,SAT,0.033371099998475984
30,10,dpll2,0,SAT,0.0350958999915747
30,11,dpll1,0,UNSAT,0.04553540000051726
30,11,dpll2,0,UNSAT,0.05013019999023527
30,12,dpll1,0,SAT,0.015946199986501597
30,12,dpll2,0,SAT,0.01688559999456629
30,13,dpll1,0,SAT,0.027631999997538514
30,13,dpll2,0,SAT,0.03495169999951031
30,14,dpll1,0,SAT,0.044954700002563186
30,14,dpll2,0,SAT,0.037464000008185394
30,15,dpll1,0,UNSAT,0.04765419999603182
30,15,dpll2,0,UNSAT,0.04918830000679009
30,16,dpll1,0,UNSAT,0.026652300002751872
30,16,dpll2,0,UNSAT,0.028236700003617443
30,17,dpll1,0,SAT,0.014894300009473227
30,17,dpll2,0,SAT,0.011402999996789731
30,18,dpll1,0,UNSAT,0.06543499999679625
30,18,dpll2,0,UNSAT,0.06726769999659155
30,19,dpll1,0,SAT,0.0024794000055408105
30,19,dpll2,0,SAT,0.002650200010975823
40,0,dpll1,0,UNSAT,0.13899249999667518
40,0,dpll2,0,UNSAT,0.15999449999071658
40,1,dpll1,0,SAT,0.036949100001947954
40,1,dpll2,0,SAT,0.033302700001513585
40,2,dpll1,0,SAT,0.060606600003666244
40,2,dpll2,0,SAT,0.06547209998825565
40,3,dpll1,0,SAT,0.08080779999727383
40,3,dpll2,0,SAT,0.09778019999794196
40,4,dpll1,0,SAT,0.014650800003437325
40,4,dpll2,0,SAT,0.015222499991068617
40,5,dpll1,0,UNSAT,0.1892948000022443
40,5,dpll2,0,UNSAT,0.19662279999465682
40,6,dpll1,0,SAT,0.007040099997539073
40,6,dpll2,0,SAT,0.00794139999197796
40,7,dpll1,0,SAT,0.006291199999395758
40,7,dpll2,0,SAT,0.006339200001093559
40,8,dpll1,0,UNSAT,0.19295679999049753
40,8,dpll2,0,UNSAT,0.1829747000010684
40,9,dpll1,0,SAT,0.1191502000001492
40,9,dpll2,0,SAT,0.11792659999628086
40,10,dpll1,0,SAT,0.0797175000043353
40,10,dpll2,0,SAT,0.09374219999881461
40,11,dpll1,0,UNSAT,0.05384310000226833
40,11,dpll2,0,UNSAT,0.07679769999231212
40,12,dpll1,0,SAT,0.04282190000230912
40,12,dpll2,0,SAT,0.04785710001306143
40,13,dpll1,0,UNSAT,0.10858379999990575
40,13,dpll2,0,UNSAT,0.10909179999725893
40,14,dpll1,0,UNSAT,0.21293530000548344
40,14,dpll2,0,UNSAT,0.19844589999411255
40,15,dpll1,0,SAT,0.008315300001413561
40,15,dpll2,0,SAT,0.004422700003487989
40,16,dpll1,0,UNSAT,0.15617159999965224
40,16,dpll2,0,UNSAT,0.16134240000974387
40,17,dpll1,0,UNSAT,0.1544391000061296
40,17,dpll2,0,UNSAT,0.18177190001006238
40,18,dpll1,0,SAT,0.11486329999752343
40,18,dpll2,0,SAT,0.10052340000402182
40,19,dpll1,0,SAT,0.03646170000138227
40,19,dpll2,0,SAT,0.04219770000781864
50,0,dpll1,0,SAT,0.008015799990971573
50,0,dpll2,0,SAT,0.008126799992169254
50,1,dpll1,0,SAT,0.017142900003818795
50,1,dpll2,0,SAT,0.023317900006077252
50,2,dpll1,0,UNSAT,0.44508350000251085
50,2,dpll2,0,UNSAT,0.5039316000038525
50,3,dpll1,0,UNSAT,0.7050034999992931
50,3,dpll2,0,UNSAT,0.6631208999897353
50,4,dpll1,0,UNSAT,0.42480049999721814
50,4,dpll2,0,UNSAT,0.4046434999909252
50,5,dpll1,0,SAT,0.052018399990629405
50,5,dpll2,0,SAT,0.06833179999375716
50,6,dpll1,0,SAT,0.006778599999961443
50,6,dpll2,0,SAT,0.006977199998800643
50,7,dpll1,0,UNSAT,0.32478969999647234
50,7,dpll2,0,UNSAT,0.3169653999939328
50,8,dpll1,0,SAT,0.16281850000086706
50,8,dpll2,0,SAT,0.16571590000239667
50,9,dpll1,0,SAT,0.0636825000110548
50,9,dpll2,0,SAT,0.06779209998785518
50,10,dpll1,0,SAT,0.11563260000548325
50,10,dpll2,0,SAT,0.13351139999576844
50,11,dpll1,0,SAT,0.06311560000176542
50,11,dpll2,0,SAT,0.06501350000326056
50,12,dpll1,0,SAT,0.029241299998830073
50,12,dpll2,0,SAT,0.0313148999994155
50,13,dpll1,0,SAT,0.06643069999699946
50,13,dpll2,0,SAT,0.07051409999257885
50,14,dpll1,0,SAT,0.13051879999693483
50,14,dpll2,0,SAT,0.13468099999590777
50,15,dpll1,0,UNSAT,0.7221492999960901
50,15,dpll2,0,UNSAT,0.7181035999965388
50,16,dpll1,0,SAT,0.041255999996792525
50,16,dpll2,0,SAT,0.03933349999715574
50,17,dpll1,0,UNSAT,0.49718370000482537
50,17,dpll2,0,UNSAT,0.5154460000048857
50,18,dpll1,0,SAT,0.03762960000312887
50,18,dpll2,0,SAT,0.03805849999480415
50,19,dpll1,0,SAT,0.05635850000544451
50,19,dpll2,0,SAT,0.05802949999633711
60,0,dpll1,0,UNSAT,2.368553199994494
60,0,dpll2,0,UNSAT,2.360367799992673
60,1,dpll1,0,SAT,1.7708634000009624
60,1,dpll2,0,SAT,1.6615906999941217
60,2,dpll1,0,SAT,2.3394621000043117
60,2,dpll2,0,SAT,2.3659139999945182
60,3,dpll1,0,SAT,0.3618154999858234
60,3,dpll2,0,SAT,0.3449200000031851
60,4,dpll1,0,UNSAT,2.441651000001002
60,4,dpll2,0,UNSAT,2.3582878000015626
60,5,dpll1,0,UNSAT,1.5319852999964496
60,5,dpll2,0,UNSAT,1.5536316000070656
60,6,dpll1,0,UNSAT,1.6438777000003029
60,6,dpll2,0,UNSAT,1.5621438000089256
60,7,dpll1,0,SAT,0.02335020000464283
60,7,dpll2,0,SAT,0.016724799992516637
60,8,dpll1,0,UNSAT,2.200377800007118
60,8,dpll2,0,UNSAT,2.1744633000053
60,9,dpll1,0,UNSAT,1.470545600008336
60,9,dpll2,0,UNSAT,1.4738427999982378
60,10,dpll1,0,UNSAT,1.797743699993589
60,10,dpll2,0,UNSAT,1.7954056000016863
60,11,dpll1,0,SAT,0.5578162000019802
60,11,dpll2,0,SAT,0.6134179000073345
60,12,dpll1,0,SAT,0.07980840001255274
60,12,dpll2,0,SAT,0.07956420000118669
60,13,dpll1,0,UNSAT,2.0896628000045894
60,13,dpll2,0,UNSAT,2.226888399993186
60,14,dpll1,0,SAT,0.020597599999746308
60,14,dpll2,0,SAT,0.03132670000195503
60,15,dpll1,0,SAT,1.4734251000045333
60,15,dpll2,0,SAT,1.4558501999999862
60,16,dpll1,0,SAT,0.48317569999198895
60,16,dpll2,0,SAT,0.4606987000006484
60,17,dpll1,0,UNSAT,1.3563676999910967
60,17,dpll2,0,UNSAT,1.3977388000057545
60,18,dpll1,0,SAT,1.024413099992671
60,18,dpll2,0,SAT,1.0099048999982188
60,19,dpll1,0,SAT,0.49605679999513086
60,19,dpll2,0,SAT,0.5081670999934431
70,0,dpll1,0,SAT,6.304869400002644
70,0,dpll2,0,SAT,6.403692500010948
70,1,dpll1,0,UNSAT,7.4879151999921305
70,1,dpll2,0,UNSAT,7.571324600008666
70,2,dpll1,0,UNSAT,6.683079800000996
70,2,dpll2,0,UNSAT,6.903475700004492
70,3,dpll1,0,SAT,2.589294899997185
70,3,dpll2,0,SAT,2.668359599992982
70,4,dpll1,0,UNSAT,4.770952999999281
70,4,dpll2,0,UNSAT,4.742377400005353
70,5,dpll1,0,SAT,0.6228263000084553
70,5,dpll2,0,SAT,0.6235277999949176
70,6,dpll1,0,UNSAT,4.407484399998793
70,6,dpll2,0,UNSAT,4.146727799990913
70,7,dpll1,0,SAT,5.745972400007304
70,7,dpll2,0,SAT,5.940257800000836
70,8,dpll1,0,UNSAT,11.426585299996077
70,8,dpll2,0,UNSAT,11.332668800008832
70,9,dpll1,0,UNSAT,4.301065699997707
70,9,dpll2,0,UNSAT,4.064780199987581
70,10,dpll1,0,SAT,10.10639159999846
70,10,dpll2,0,SAT,10.12853799998993
70,11,dpll1,0,UNSAT,9.994054099995992
70,11,dpll2,0,UNSAT,9.813574400002835
70,12,dpll1,0,UNSAT,7.273274400009541
70,12,dpll2,0,UNSAT,7.326219900001888
70,13,dpll1,0,SAT,1.1028835000033723
70,13,dpll2,0,SAT,1.1176342999970075
70,14,dpll1,0,SAT,1.8716640999919036
70,14,dpll2,0,SAT,1.9520678999979282
70,15,dpll1,0,SAT,1.3251018000009935
70,15,dpll2,0,SAT,1.1959318000008352
70,16,dpll1,0,SAT,2.737755299996934
70,16,dpll2,0,SAT,2.6906547999969916
70,17,dpll1,0,SAT,0.3968888999952469
70,17,dpll2,0,SAT,0.41037409999989904
70,18,dpll1,0,SAT,6.298247200000333
70,18,dpll2,0,SAT,6.697548900003312
70,19,dpll1,0,SAT,0.7454207999981008
70,19,dpll2,0,SAT,0.7632930999970995
80,0,dpll1,0,SAT,10.060597599993343
80,0,dpll2,0,SAT,10.228755399992224
80,1,dpll1,0,SAT,12.563268400001107
80,1,dpll2,0,SAT,12.305537599997479
80,2,dpll1,0,SAT,0.9419728999928338
80,2,dpll2,0,SAT,0.9092048000020441
80,3,dpll1,0,UNSAT,23.270405599992955
80,3,dpll2,0,UNSAT,23.332875099993544
80,4,dpll1,0,SAT,1.3138842999906046
80,4,dpll2,0,SAT,1.3255650000064634
80,5,dpll1,0,SAT,4.196595199988224
80,5,dpll2,0,SAT,4.304864599995199
80,6,dpll1,0,UNSAT,23.60204860000522
80,6,dpll2,0,UNSAT,23.509202100001858
80,7,dpll1,0,SAT,0.6771344000007957
80,7,dpll2,0,SAT,0.6513889999914682
80,8,dpll1,0,UNSAT,22.353528499996173
80,8,dpll2,0,UNSAT,22.28730490000453
80,9,dpll1,0,SAT,11.670031100002234
80,9,dpll2,0,SAT,11.391091400000732
80,10,dpll1,0,UNSAT,21.026919400013867
80,10,dpll2,0,UNSAT,20.511834699995234
80,11,dpll1,0,SAT,5.831446500000311
80,11,dpll2,0,SAT,5.896963400009554
80,12,dpll1,0,SAT,1.770367700009956
80,12,dpll2,0,SAT,1.7915624000015669
80,13,dpll1,0,UNSAT,16.672429199999897
80,13,dpll2,0,UNSAT,16.849364900001092
80,14,dpll1,0,SAT,9.691186700001708
80,14,dpll2,0,SAT,9.856214300001739
80,15,dpll1,0,UNSAT,16.80559920000087
80,15,dpll2,0,UNSAT,17.13402679999126
80,16,dpll1,0,UNSAT,11.08481150001171
80,16,dpll2,0,UNSAT,11.159672400011914
80,17,dpll1,0,UNSAT,21.04201419999299
80,17,dpll2,0,UNSAT,20.58003350000945
80,18,dpll1,0,UNSAT,8.955112600000575
80,18,dpll2,0,UNSAT,8.7997835999995
80,19,dpll1,0,UNSAT,14.566074500005925
80,19,dpll2,0,UNSAT,14.60207390000869
