path,status,vars,clauses,origin
instances/lampes.cnf,SAT,3,4,minisat22
instances/meowdoku/gen/meow_10x10_k10_s1.cnf,SAT,100,1360,minisat22
instances/meowdoku/gen/meow_12x12_k12_s1.cnf,SAT,144,2381,minisat22
instances/meowdoku/gen/meow_6x6_k6_s1.cnf,SAT,36,268,minisat22
instances/meowdoku/gen/meow_8x8_k8_s1.cnf,SAT,64,648,minisat22
instances/meowdoku/grille1.cnf,SAT,36,309,minisat22
instances/php_3.cnf,UNSAT,12,22,minisat22+source
instances/php_4.cnf,UNSAT,20,45,minisat22+source
instances/php_5.cnf,UNSAT,30,81,minisat22+source
instances/php_6.cnf,UNSAT,42,133,minisat22+source
instances/rand3sat_20_85_1.cnf,SAT,20,85,minisat22
instances/rand3sat_20_85_2.cnf,UNSAT,20,85,minisat22
instances/rand3sat_20_85_3.cnf,SAT,20,85,minisat22
instances/rand3sat_50_213_1.cnf,SAT,50,213,minisat22
instances/rand3sat_50_213_2.cnf,SAT,50,213,minisat22
instances/rand3sat_50_213_3.cnf,UNSAT,50,213,minisat22
instances/rand3sat_75_320_1.cnf,UNSAT,75,320,minisat22
instances/rand3sat_75_320_2.cnf,UNSAT,75,320,minisat22
instances/rand3sat_75_320_3.cnf,UNSAT,75,320,minisat22
instances/satlib/aim-100-1_6-no-1.cnf,UNSAT,100,160,minisat22+source
instances/satlib/aim-100-1_6-no-2.cnf,UNSAT,100,160,minisat22+source
instances/satlib/aim-100-1_6-no-3.cnf,UNSAT,100,160,minisat22+source
instances/satlib/aim-100-1_6-no-4.cnf,UNSAT,100,160,minisat22+source
instances/satlib/aim-100-1_6-yes1-1.cnf,SAT,100,160,minisat22+source
instances/satlib/aim-100-1_6-yes1-2.cnf,SAT,100,160,minisat22+source
instances/satlib/aim-100-1_6-yes1-3.cnf,SAT,100,160,minisat22+source
instances/satlib/aim-100-1_6-yes1-4.cnf,SAT,100,160,minisat22+source
instances/satlib/aim-100-2_0-no-1.cnf,UNSAT,100,200,minisat22+source
instances/satlib/aim-100-2_0-no-2.cnf,UNSAT,100,200,minisat22+source
instances/satlib/aim-100-2_0-no-3.cnf,UNSAT,100,200,minisat22+source
instances/satlib/aim-100-2_0-no-4.cnf,UNSAT,100,200,minisat22+source
instances/satlib/aim-100-2_0-yes1-1.cnf,SAT,100,200,minisat22+source
instances/satlib/aim-100-2_0-yes1-2.cnf,SAT,100,200,minisat22+source
instances/satlib/aim-100-2_0-yes1-3.cnf,SAT,100,200,minisat22+source
instances/satlib/aim-100-2_0-yes1-4.cnf,SAT,100,200,minisat22+source
instances/satlib/aim-100-3_4-yes1-1.cnf,SAT,100,340,minisat22+source
instances/satlib/aim-100-3_4-yes1-2.cnf,SAT,100,340,minisat22+source
instances/satlib/aim-100-3_4-yes1-3.cnf,SAT,100,340,minisat22+source
instances/satlib/aim-100-3_4-yes1-4.cnf,SAT,100,340,minisat22+source
instances/satlib/aim-100-6_0-yes1-1.cnf,SAT,100,600,minisat22+source
instances/satlib/aim-100-6_0-yes1-2.cnf,SAT,100,600,minisat22+source
instances/satlib/aim-100-6_0-yes1-3.cnf,SAT,100,600,minisat22+source
instances/satlib/aim-100-6_0-yes1-4.cnf,SAT,100,600,minisat22+source
instances/satlib/aim-50-1_6-no-1.cnf,UNSAT,50,80,minisat22+source
instances/satlib/aim-50-1_6-no-2.cnf,UNSAT,50,80,minisat22+source
instances/satlib/aim-50-1_6-no-3.cnf,UNSAT,50,80,minisat22+source
instances/satlib/aim-50-1_6-no-4.cnf,UNSAT,50,80,minisat22+source
instances/satlib/aim-50-1_6-yes1-1.cnf,SAT,50,80,minisat22+source
instances/satlib/aim-50-1_6-yes1-2.cnf,SAT,50,80,minisat22+source
instances/satlib/aim-50-1_6-yes1-3.cnf,SAT,50,80,minisat22+source
instances/satlib/aim-50-1_6-yes1-4.cnf,SAT,50,80,minisat22+source
instances/satlib/aim-50-2_0-no-1.cnf,UNSAT,50,100,minisat22+source
instances/satlib/aim-50-2_0-no-2.cnf,UNSAT,50,100,minisat22+source
instances/satlib/aim-50-2_0-no-3.cnf,UNSAT,50,100,minisat22+source
instances/satlib/aim-50-2_0-no-4.cnf,UNSAT,50,100,minisat22+source
instances/satlib/aim-50-2_0-yes1-1.cnf,SAT,50,100,minisat22+source
instances/satlib/aim-50-2_0-yes1-2.cnf,SAT,50,100,minisat22+source
instances/satlib/aim-50-2_0-yes1-3.cnf,SAT,50,100,minisat22+source
instances/satlib/aim-50-2_0-yes1-4.cnf,SAT,50,100,minisat22+source
instances/satlib/aim-50-3_4-yes1-1.cnf,SAT,50,170,minisat22+source
instances/satlib/aim-50-3_4-yes1-2.cnf,SAT,50,170,minisat22+source
instances/satlib/aim-50-3_4-yes1-3.cnf,SAT,50,170,minisat22+source
instances/satlib/aim-50-3_4-yes1-4.cnf,SAT,50,170,minisat22+source
instances/satlib/aim-50-6_0-yes1-1.cnf,SAT,50,300,minisat22+source
instances/satlib/aim-50-6_0-yes1-2.cnf,SAT,50,300,minisat22+source
instances/satlib/aim-50-6_0-yes1-3.cnf,SAT,50,300,minisat22+source
instances/satlib/aim-50-6_0-yes1-4.cnf,SAT,50,300,minisat22+source
instances/satlib/dubois100.cnf,UNSAT,300,800,minisat22+source
instances/satlib/dubois20.cnf,UNSAT,60,160,minisat22+source
instances/satlib/dubois21.cnf,UNSAT,63,168,minisat22+source
instances/satlib/dubois22.cnf,UNSAT,66,176,minisat22+source
instances/satlib/dubois23.cnf,UNSAT,69,184,minisat22+source
instances/satlib/dubois24.cnf,UNSAT,72,192,minisat22+source
instances/satlib/dubois25.cnf,UNSAT,75,200,minisat22+source
instances/satlib/dubois26.cnf,UNSAT,78,208,minisat22+source
instances/satlib/dubois27.cnf,UNSAT,81,216,minisat22+source
instances/satlib/dubois28.cnf,UNSAT,84,224,minisat22+source
instances/satlib/dubois29.cnf,UNSAT,87,232,minisat22+source
instances/satlib/dubois30.cnf,UNSAT,90,240,minisat22+source
instances/satlib/dubois50.cnf,UNSAT,150,400,minisat22+source
instances/satlib/flat30-1.cnf,SAT,90,300,minisat22
instances/satlib/flat30-2.cnf,SAT,90,300,minisat22
instances/satlib/flat30-3.cnf,SAT,90,300,minisat22
instances/satlib/flat30-4.cnf,SAT,90,300,minisat22
instances/satlib/flat30-5.cnf,SAT,90,300,minisat22
instances/satlib/flat50-1.cnf,SAT,150,545,minisat22
instances/satlib/flat50-2.cnf,SAT,150,545,minisat22
instances/satlib/flat50-3.cnf,SAT,150,545,minisat22
instances/satlib/hole10.cnf,UNSAT,110,561,minisat22+source
instances/satlib/hole6.cnf,UNSAT,42,133,minisat22+source
instances/satlib/hole7.cnf,UNSAT,56,204,minisat22+source
instances/satlib/hole8.cnf,UNSAT,72,297,minisat22+source
instances/satlib/hole9.cnf,UNSAT,90,415,minisat22+source
instances/satlib/par16-1-c.cnf,SAT,317,1264,minisat22
instances/satlib/par16-1.cnf,SAT,1015,3310,minisat22
instances/satlib/par16-2-c.cnf,SAT,349,1392,minisat22
instances/satlib/par16-2.cnf,SAT,1015,3374,minisat22
instances/satlib/par16-3-c.cnf,SAT,334,1332,minisat22
instances/satlib/par16-3.cnf,SAT,1015,3344,minisat22
instances/satlib/par16-4-c.cnf,SAT,324,1292,minisat22
instances/satlib/par16-4.cnf,SAT,1015,3324,minisat22
instances/satlib/par16-5-c.cnf,SAT,341,1360,minisat22
instances/satlib/par16-5.cnf,SAT,1015,3358,minisat22
instances/satlib/par8-1-c.cnf,SAT,64,254,minisat22
instances/satlib/par8-1.cnf,SAT,350,1149,minisat22
instances/satlib/par8-2-c.cnf,SAT,68,270,minisat22
instances/satlib/par8-2.cnf,SAT,350,1157,minisat22
instances/satlib/par8-3-c.cnf,SAT,75,298,minisat22
instances/satlib/par8-3.cnf,SAT,350,1171,minisat22
instances/satlib/par8-4-c.cnf,SAT,67,266,minisat22
instances/satlib/par8-4.cnf,SAT,350,1155,minisat22
instances/satlib/par8-5-c.cnf,SAT,75,298,minisat22
instances/satlib/par8-5.cnf,SAT,350,1171,minisat22
instances/satlib/pret150_25.cnf,UNSAT,150,400,minisat22+source
instances/satlib/pret150_40.cnf,UNSAT,150,400,minisat22+source
instances/satlib/pret150_60.cnf,UNSAT,150,400,minisat22+source
instances/satlib/pret150_75.cnf,UNSAT,150,400,minisat22+source
instances/satlib/pret60_25.cnf,UNSAT,60,160,minisat22+source
instances/satlib/pret60_40.cnf,UNSAT,60,160,minisat22+source
instances/satlib/pret60_60.cnf,UNSAT,60,160,minisat22+source
instances/satlib/pret60_75.cnf,UNSAT,60,160,minisat22+source
instances/satlib/uf100-01.cnf,SAT,100,430,minisat22+source
instances/satlib/uf100-02.cnf,SAT,100,430,minisat22+source
instances/satlib/uf100-03.cnf,SAT,100,430,minisat22+source
instances/satlib/uf100-04.cnf,SAT,100,430,minisat22+source
instances/satlib/uf100-05.cnf,SAT,100,430,minisat22+source
instances/satlib/uf20-01.cnf,SAT,20,91,minisat22+source
instances/satlib/uf20-010.cnf,SAT,20,91,minisat22+source
instances/satlib/uf20-011.cnf,SAT,20,91,minisat22+source
instances/satlib/uf20-012.cnf,SAT,20,91,minisat22+source
instances/satlib/uf20-013.cnf,SAT,20,91,minisat22+source
instances/satlib/uf20-014.cnf,SAT,20,91,minisat22+source
instances/satlib/uf20-015.cnf,SAT,20,91,minisat22+source
instances/satlib/uf20-016.cnf,SAT,20,91,minisat22+source
instances/satlib/uf20-017.cnf,SAT,20,91,minisat22+source
instances/satlib/uf20-018.cnf,SAT,20,91,minisat22+source
instances/satlib/uf20-019.cnf,SAT,20,91,minisat22+source
instances/satlib/uf20-02.cnf,SAT,20,91,minisat22+source
instances/satlib/uf20-020.cnf,SAT,20,91,minisat22+source
instances/satlib/uf20-03.cnf,SAT,20,91,minisat22+source
instances/satlib/uf20-04.cnf,SAT,20,91,minisat22+source
instances/satlib/uf20-05.cnf,SAT,20,91,minisat22+source
instances/satlib/uf20-06.cnf,SAT,20,91,minisat22+source
instances/satlib/uf20-07.cnf,SAT,20,91,minisat22+source
instances/satlib/uf20-08.cnf,SAT,20,91,minisat22+source
instances/satlib/uf20-09.cnf,SAT,20,91,minisat22+source
instances/satlib/uf50-01.cnf,SAT,50,218,minisat22+source
instances/satlib/uf50-010.cnf,SAT,50,218,minisat22+source
instances/satlib/uf50-02.cnf,SAT,50,218,minisat22+source
instances/satlib/uf50-03.cnf,SAT,50,218,minisat22+source
instances/satlib/uf50-04.cnf,SAT,50,218,minisat22+source
instances/satlib/uf50-05.cnf,SAT,50,218,minisat22+source
instances/satlib/uf50-06.cnf,SAT,50,218,minisat22+source
instances/satlib/uf50-07.cnf,SAT,50,218,minisat22+source
instances/satlib/uf50-08.cnf,SAT,50,218,minisat22+source
instances/satlib/uf50-09.cnf,SAT,50,218,minisat22+source
instances/satlib/uf75-01.cnf,SAT,75,325,minisat22+source
instances/satlib/uf75-02.cnf,SAT,75,325,minisat22+source
instances/satlib/uf75-03.cnf,SAT,75,325,minisat22+source
instances/satlib/uf75-04.cnf,SAT,75,325,minisat22+source
instances/satlib/uf75-05.cnf,SAT,75,325,minisat22+source
instances/satlib/uuf100-01.cnf,UNSAT,100,430,minisat22+source
instances/satlib/uuf100-02.cnf,UNSAT,100,430,minisat22+source
instances/satlib/uuf100-03.cnf,UNSAT,100,430,minisat22+source
instances/satlib/uuf100-04.cnf,UNSAT,100,430,minisat22+source
instances/satlib/uuf100-05.cnf,UNSAT,100,430,minisat22+source
instances/satlib/uuf50-01.cnf,UNSAT,50,218,minisat22+source
instances/satlib/uuf50-010.cnf,UNSAT,50,218,minisat22+source
instances/satlib/uuf50-02.cnf,UNSAT,50,218,minisat22+source
instances/satlib/uuf50-03.cnf,UNSAT,50,218,minisat22+source
instances/satlib/uuf50-04.cnf,UNSAT,50,218,minisat22+source
instances/satlib/uuf50-05.cnf,UNSAT,50,218,minisat22+source
instances/satlib/uuf50-06.cnf,UNSAT,50,218,minisat22+source
instances/satlib/uuf50-07.cnf,UNSAT,50,218,minisat22+source
instances/satlib/uuf50-08.cnf,UNSAT,50,218,minisat22+source
instances/satlib/uuf50-09.cnf,UNSAT,50,218,minisat22+source
instances/satlib/uuf75-01.cnf,UNSAT,75,325,minisat22+source
instances/satlib/uuf75-02.cnf,UNSAT,75,325,minisat22+source
instances/satlib/uuf75-03.cnf,UNSAT,75,325,minisat22+source
instances/satlib/uuf75-04.cnf,UNSAT,75,325,minisat22+source
instances/satlib/uuf75-05.cnf,UNSAT,75,325,minisat22+source
